name,street,pzl,tel,fax,email
Adlwang,Kirchenplatz 5,4541 Adlwang,+43 7258 / 7455,+437258 / 7455 - 22,gemeinde@adlwang.ooe.gv.at
Aichkirchen,Aichkirchen 26,4671 Aichkirchen,+43 7735 / 7366,,gemeinde@aichkirchen.ooe.gv.at
Aigen-Schlägl,Marktplatz 17,4160 Aigen-Schlägl,+43 7281 / 6255,+437281 / 6255 - 9,gemeinde@aigen-schlaegl.at
Aistersheim,Aistersheim 5,4676 Aistersheim,+43 7734 / 2855,+437734 / 2855,gemeinde@aistersheim.ooe.gv.at
Alberndorf in der Riedmark,Kalchgruberstraße 2,4211 Alberndorf in der Riedmark,+43 7235 / 7155 - 0,,gemeinde@alberndorf.ooe.gv.at
Alkoven,Alte Hauptstraße 40,4072 Alkoven,+43 7274 / 8000,+437274 / 8000 - 30,gemeinde@alkoven.ooe.gv.at
Allerheiligen im Mühlkreis,Allerheiligen im Mühlkreis 2,4320 Allerheiligen im Mühlkreis,+43 7262 / 58 0 12,+437262 / 58 0 12 - 14,gemeinde@allerheiligen.ooe.gv.at
Allhaming,Allhaming 46,4511 Allhaming,+43 7227 / 71 55,+437227 / 7155 - 30,gemeinde@allhaming.ooe.gv.at
Altenberg bei Linz,Marktplatz 1,4203 Altenberg bei Linz,+43 7230 / 7255,+437230 / 7255-4,gemeindeamt@altenberg.at
Altenfelden,Veldenstraße 3,4121 Altenfelden,+43 7282 / 5555,+437282 / 5555 - 22,gemeindeamt@altenfelden.at
Altheim,Braunauer Straße 7,4950 Altheim,+43 7723 / 42255,+43 7723 / 42255 -15,office@altheim.ooe.gv.at
Altmünster,Marktstraße 21,4813 Altmünster,+43 7612 / 87611,+437612 / 87611 - 22,gemeinde@altmuenster.ooe.gv.at
Altschwendt,Altschwendt 9,4721 Altschwendt,+43 7762 / 2605,+437762 / 2605 - 25,gemeinde@altschwendt.ooe.gv.at
Ampflwang im Hausruckwald,Hausruckstraße 12,4843 Ampflwang im Hausruckwald,+43 7675 / 4010,+437675 / 4010 - 19,marktgemeinde@ampflwang.ooe.gv.at
Andorf,Hauptstraße 32,4770 Andorf,+43 7766 / 2255,+437766 / 2257,gemeinde@andorf.ooe.gv.at
Andrichsfurt,Andrichsfurt 40,4754 Andrichsfurt,+43 7750 / 3213,+437750 / 3213 - 4,gemeinde@andrichsfurt.ooe.gv.at
Ansfelden,Hauptplatz 41,4053 Ansfelden,+43 7229 / 840 - 0,+437229 / 840 - 556,stadtamt@ansfelden.at
Antiesenhofen,Ortsplatz 1,4980 Antiesenhofen,+43 7759 / 5255,+437759 / 5255 - 22,gemeinde@antiesenhofen.ooe.gv.at
Arbing,Hauptstraße 39,4341 Arbing,+43 7269 / 375,,gemeinde@arbing.ooe.gv.at
Arnreit,Arnreit 13,4122 Arnreit,+43 7282 / 7013,+437282 / 7013 - 20,gemeinde@arnreit.at
Aschach an der Donau,Abelstraße 44,4082 Aschach an der Donau,+43 7273 / 6355,+437273 / 6355- 17,gemeinde@aschach-donau.ooe.gv.at
Aschach an der Steyr,Hauptstraße 27,4421 Aschach an der Steyr,+43 7259 / 3412 - 0,+437259 / 3412 - 8,gemeinde@aschach-steyr.ooe.gv.at
Aspach,Marktplatz 9,5252 Aspach,+43 7755 / 7355,+437755 / 7355 - 4,info@aspach.at
Asten,Marktplatz 2,4481 Asten,+43 7224 / 66381 - 0,+437224 / 66381 - 11,gemeinde@asten.ooe.gv.at
Attersee am Attersee,Nußdorferstraße 15,4864 Attersee,+43 7666 / 7755,+437666 / 7755 - 77,gemeinde@attersee.ooe.gv.at
Attnang-Puchheim,Rathausplatz 9,4800 Attnang-Puchheim,+43 7674 / 615 - 0,+437674 / 615 - 44,stadtamt@attnang-puchheim.ooe.gv.at
Atzbach,Am Ortsplatz 3,4904 Atzbach,+43 7676 / 8415,+437676 / 8415 - 75,gemeinde@atzbach.ooe.gv.at
Atzesberg,Marktplatz 4,4152 Sarleinsbach,+43 7283 / 8255,+437283 / 8255 - 50,atzesberg@sarleinsbach.at
Auberg,Hollerberg 9,4171 Auberg,+43 7282 / 7900,,gemeinde@auberg.ooe.gv.at
Auerbach,Auerbach 2,5224 Auerbach,+43 7747 / 5215,+437747 / 5215 - 6,gemeinde@auerbach.ooe.gv.at
Aurach am Hongar,Aurach am Hongar 2,4861 Schörfling,+43 7662 / 6311,+437662 / 6311-5,gemeinde@aurach.ooe.gv.at
Aurolzmünster,Schloßstraße 1,4971 Aurolzmünster,+43 7752 / 83055,+437752 / 83055 -20,gemeinde@aurolzmuenster.ooe.gv.at
Bachmanning,Dorfplatz 5,4672 Bachmanning,+43 7735 / 6655,,gemeinde@bachmanning.ooe.gv.at
Bad Goisern am Hallstättersee,Untere Marktstraße 1,4822 Bad Goisern am Hallstättersee,+43 6135 / 8301 - 0,+436135 / 8301 - 30,gemeinde@bad-goisern.ooe.gv.at
Bad Hall,Hauptplatz 5,4540 Bad Hall,+43 7258 / 77 55 - 0,+437258 / 7755 - 17,gemeinde@bad-hall.ooe.gv.at
Bad Ischl,Pfarrgasse 11,4820 Bad Ischl,+43 6132 / 301 - 0,+436132 / 301 - 11,info@stadtamt-badischl.at
Bad Kreuzen,Bad Kreuzen 20a,4362 Bad Kreuzen,+43 7266 / 6255,,gemeindeamt@bad-kreuzen.at
Bad Leonfelden,Hauptplatz 1,4190 Bad Leonfelden,+43 7213 / 6565,,gemeinde@bad-leonfelden.ooe.gv.at
Bad Schallerbach,Rathausplatz 1,4701 Bad Schallerbach,+43 7249 / 48 5 55,+437249 / 48 5 55 - 22,gemeinde@bad-schallerbach.at
Bad Wimsbach-Neydharting,Markt 1,4654 Bad Wimsbach-Neydharting,+43 7245 / 25 0 55 - 0,+437245 / 25 0 55 - 10,gemeinde@bad-wimsbach.ooe.gv.at
Bad Zell,Marktplatz 8,4283 Bad Zell,+43 7263 / 7255,+437263 / 7255 - 21,gemeinde@bad-zell.ooe.gv.at
Baumgartenberg,Baumgartenberg 85,4342 Baumgartenberg,+43 7269 / 255,+437269/ 255 - 5,gemeinde@baumgartenberg.ooe.gv.at
Berg im Attergau,Attergaustraße 36,4880 St. Georgen im Attergau,+43 7667 / 6445,+437667 / 6445 - 4,gemeinde@berg-attergau.ooe.gv.at
Braunau am Inn,Stadtplatz 38,5280 Braunau am Inn,+43 7722 / 808 - 0,"+43 7722 / 808-100, 808-101",rathaus@braunau.ooe.gv.at
Brunnenthal,Dorfplatz 3,4786 Brunnenthal,+43 7712 / 3055,+437712 / 3055 - 20,gemeinde@brunnenthal.at
Buchkirchen,Hauptstraße 11,4611 Buchkirchen,+43 7242 / 28 0 05,+437242 / 28 0 05 - 81,gemeinde@buchkirchen.ooe.gv.at
Burgkirchen,Kirchenplatz 1,5274 Burgkirchen,+43 7724 / 2212,+437724 / 2212 - 8,gemeinde@burgkirchen.ooe.gv.at
Desselbrunn,Desselbrunn 37,4693 Desselbrunn,+43 7673 / 3713,+437673 / 3713 - 20,gemeinde@desselbrunn.ooe.gv.at
Diersbach,Am Berg 5,4776 Diersbach,+43 7719 / 7205,,gemeinde@diersbach.ooe.gv.at
Dietach,Kirchenplatz 6,4407 Dietach,+43 7252 / 38 0 01,+437252 / 38 0 01 - 33,gemeinde@dietach.ooe.gv.at
Dimbach,Dimbach 2,4371 Dimbach,+43 7260 / 7507,+437260 / 7507 - 16,marktgemeinde@dimbach.ooe.gv.at
Dorf an der Pram,Dorf 11,4751 Dorf an der Pram,+43 7764 / 8455,+437764 / 8455 - 30,gemeinde@dorf.ooe.gv.at
Ebensee am Traunsee,Hauptstraße 34,4802 Ebensee am Traunsee,+43 6133 / 7051,+436133 / 5624,gemeinde@ebensee.ooe.gv.at
Eberschwang,Eberschwang 93,4906 Eberschwang,+43 7753 / 2255,+437753 / 2255 - 99,gemeinde@eberschwang.ooe.gv.at
Eberstalzell,Hauptstraße 15,4653 Eberstalzell,+43 7241 / 5555,+437241 / 5555 - 22,gemeinde@eberstalzell.ooe.gv.at
Edlbach,Edlbach 80,4580 Windischgarsten,+43 7562 / 5225,+437562 / 5225 - 16,gemeinde@edlbach.ooe.gv.at
Edt bei Lambach,Gemeindeplatz 1,4650 Edt bei Lambach,+43 7245 / 28991,+437245 / 28991 - 31,gemeinde@edt.ooe.gv.at
Eferding,Stadtplatz 31,4070 Eferding,+43 7272 / 5555 - 0,+437272 / 5555 - 1150,gemeinde@eferding.at
Eggelsberg,Marktplatz 13,5142 Eggelsberg,+43 7748 / 2255,+437748 / 667173,gemeindeamt@eggelsberg.ooe.gv.at
Eggendorf im Traunkreis,Obere Dorfstraße 4,4622 Eggendorf im Traunkreis,+43 7228 / 7265,+437228 / 726520,gemeinde@eggendorf.ooe.gv.at
Eggerding,Eggerding 42,4773 Eggerding,+43 7767 / 7007 - 0,+437767 / 7007 - 22,gemeinde@eggerding.ooe.gv.at
Eidenberg,Stiftsstraße 2,4201 Eidenberg,+43 7239 / 5055,+43 7239 / 5055 - 11,gemeinde@eidenberg.ooe.gv.at
Eitzing,Kirchenplatz 1,4970 Eitzing,+43 7752 / 83 0 37,+437752 / 83037-20,gemeinde@eitzing.ooe.gv.at
Engelhartszell an der Donau,Marktplatz 61,4090 Engelhartszell,+43 7717 / 8055 - 0,,gemeinde@engelhartszell.ooe.gv.at
Engerwitzdorf,Leopold-Schöffl-Platz 1,4209 Engerwitzdorf,+43 7235 / 66 9 55,+437235 / 66 9 55 - 15,gemeinde@engerwitzdorf.gv.at
Enns,Hauptplatz 11,4470 Enns,+43 7223 / 82181,+437223 / 82181 - 61,office@enns.ooe.gv.at
Enzenkirchen,Hauptstraße 12,4761 Enzenkirchen,+43 7762 / 3215,+437762 / 3680,gemeinde@enzenkirchen.ooe.gv.at
Eschenau im Hausruckkreis,Hasledt 9,4724 Neukirchen am Walde,+43 7278 / 3215,,gemeinde@eschenau.ooe.gv.at
Esternberg,Hauptstraße 33,4092 Esternberg,+43 7714 / 6655,+437714 / 6655 - 9,gemeinde@esternberg.ooe.gv.at
Feldkirchen an der Donau,Hauptstraße 1,4101 Feldkirchen an der Donau,+43 7233 / 7255 - 0,+437233 / 6504,office@feldkirchen-donau.at
Feldkirchen bei Mattighofen,Feldkirchen bei Mattighofen 45,5143 Feldkirchen bei Mattighofen,+43 7748 / 2365,+437748 / 2365 - 20,gemeinde@feldkirchen-mattighofen.ooe.gv.at
Fischlham,Thalheimerstraße 5,4652 Fischlham,+43 7241 / 2203,+437241 / 2203 - 22,gemeinde@fischlham.ooe.gv.at
Fornach,Fornach 2,4892 Fornach,+43 7682 / 5505,+437682 / 5505 - 3,gemeinde@fornach.ooe.gv.at
Fraham,Planbachstraße 2,4070 Fraham,+43 7272 / 2315,+437272 / 2315 - 16,gemeinde@fraham.ooe.gv.at
Frankenburg am Hausruck,Marktplatz 4,4873 Frankenburg am Hausruck,+43 7683 / 5006,+437683 / 5006 - 14,gemeinde@frankenburg.ooe.gv.at
Frankenmarkt,Hauptstraße 85,4890 Frankenmarkt,+43 7684 / 6255,+437684 / 6255 - 21,office@frankenmarkt.at
Franking,Franking 26,5131 Franking,+43 6277 / 8114,+436277 / 8114 - 4,gemeinde@franking.ooe.gv.at
Freinberg,Freinberg 4,4785 Freinberg,+43 7713 / 8102,+437713 / 8102 - 22,gemeinde@freinberg.ooe.gv.at
Freistadt,Hauptplatz 1,4240 Freistadt,+43 7942 / 72 5 06,+437942 / 72 5 06 - 11,post@freistadt.at
Gaflenz,Markt 46,3334 Gaflenz,+43 7353 / 205,+437353 / 205 - 450,gemeinde@gaflenz.ooe.gv.at
Gallneukirchen,Reichenauer Straße 1,4210 Gallneukirchen,+43 7235 / 63155,+437235 / 63155 - 190,stadtgemeinde@gallneukirchen.ooe.gv.at
Gallspach,Hauptplatz 8-9,4713 Gallspach,+43 7248 / 62 3 55 - 0,,gemeinde@gallspach.at
Gampern,Hauptstraße 14,4851 Gampern,+43 59 4851 - 0,+43 59 4851 21,gemeinde@gampern.ooe.gv.at
Garsten,Am Platzl 9,4451 Garsten,+43 7252 / 53307,+437252 / 53 3 07 - 26,gemeinde@garsten.ooe.gv.at
Gaspoltshofen,Hauptstraße 53,4673 Gaspoltshofen,+43 7735 / 6954,+437735 / 6954 - 33,gemeinde@gaspoltshofen.ooe.gv.at
Geboltskirchen,Feld 10,4682 Geboltskirchen,+43 7732 / 3513,+437732 / 3513 - 14,office@geboltskirchen.at
Geiersberg,Geiersberg 23,4922 Geiersberg,+43 7732 / 2151,+437732 / 2151 - 4,gemeinde@geiersberg.ooe.gv.at
Geinberg,Dorfstraße 9,4943 Geinberg,+43 7723 / 8155 - 0,+437723 / 8155 - 7,gemeinde@geinberg.ooe.gv.at
Geretsberg,Geretsberg 21,5132 Geretsberg,+43 7748 / 7155,+437748 / 7155 - 16,gemeinde@geretsberg.ooe.gv.at
Gilgenberg am Weilhart,Gilgenberg am Weilhart 15,5133 Gilgenberg am Weilhart,+43 7728 / 8012,,gemeinde@gilgenberg.ooe.gv.at
Gmunden,Rathausplatz 1,4810 Gmunden,+43 7612 / 794 - 0,+437612 / 794 - 258,stadtamt@gmunden.ooe.gv.at
Goldwörth,Schulstraße 1,4102 Goldwörth,+43 7234 / 83 6 55,+437234 / 83 6 55 - 4,gemeinde@goldwoerth.ooe.gv.at
Gosau,Vordertalstraße 30,4824 Gosau,+43 6136 / 8821 - 0,,gemeinde@gosau.ooe.gv.at
Gramastetten,Marktstraße 17,4201 Gramastetten,+43 7239 / 8155 - 0,+437239 / 8155 - 12,gemeinde@gramastetten.ooe.gv.at
Grein,Rathausgasse 1,4360 Grein,+43 7268 / 255,+437268 / 255 - 20,stadtamt@grein.ooe.gv.at
Grieskirchen,Stadtplatz 9,4710 Grieskirchen,+43 7248 / 62255 - 0,+437248 / 62255 - 39,rathaus@grieskirchen.at
Großraming,Kirchenplatz 1,4463 Großraming,+43 7254 / 7575,+437254 / 7575 - 19,gemeinde@grossraming.ooe.gv.at
Grünau im Almtal,Im Dorf 17,4645 Grünau im Almtal,+43 7616 / 8255 - 0,+437616 / 8255 - 4,gemeinde@gruenau.ooe.gv.at
Grünbach,Marktplatz 1,4264 Grünbach,+43 7942 / 72 81 3 - 0,+437942 / 72 8 13 - 3,gemeinde@gruenbach.ooe.gv.at
Grünburg,Hauptstraße 34,4594 Grünburg,+43 7257 / 7255,+437257 / 7255 - 16,gemeinde@gruenburg.ooe.gv.at
Gschwandt,Hauptstraße 2,4816 Gschwandt,+43 7612 / 626 15 - 0,+437612 / 626 15 - 32,gemeinde@gschwandt.ooe.gv.at
Gunskirchen,Marktplatz 1,4623 Gunskirchen,+43 7246 / 6255,+437246 / 6255 - 830,gemeinde@gunskirchen.ooe.gv.at
Gurten,Hofmark 21,4942 Gurten,+43 7757 / 6055,+437757 / 6055 - 4,gemeinde@gurten.ooe.gv.at
Gutau,St. Oswalder Straße 2,4293 Gutau,+43 7946 / 6255,+437946 / 6755,gemeinde@gutau.ooe.gv.at
Haag am Hausruck,Marktplatz 23,4680 Haag am Hausruck,+43 7732 / 2255,+437732 / 2255 - 20,marktgemeinde@haag-hausruck.ooe.gv.at
Hagenberg im Mühlkreis,Kirchenplatz 5a,4232 Hagenberg im Mühlkreis,+43 7236 / 2318 - 0,+437236 / 2318 - 3,gemeinde@hagenberg.ooe.gv.at
Haibach im Mühlkreis,Marktplatz 2,4204 Reichenau im Mühlkreis,+43 7211 / 8255 - 0,+437211 / 8255-5,gemeindeamt@haibach.at
Haibach ob der Donau,Kirchenplatz 4,4083 Haibach ob der Donau,+43 7279 / 8235,+437279 / 8235 - 16,gemeinde@haibach-donau.ooe.gv.at
Haigermoos,Dorfplatz 1,5124 Haigermoos,+43 6277 / 8103,,gemeinde@haigermoos.ooe.gv.at
Hallstatt,Seestraße 158,4830 Hallstatt,+43 6134 / 8255 - 0,+436134 / 8255-33,gemeinde@hallstatt.ooe.gv.at
Handenberg,Handenberg 11,5144 Handenberg,+43 7748 / 8085 - 0,,gemeinde@handenberg.ooe.gv.at
Hargelsberg,Gemeindeplatz 1,4483 Hargelsberg,+43 7225 / 7255,+437225 / 7255 - 4 od. 6104,gemeinde@hargelsberg.ooe.gv.at
Hartkirchen,Kirchenplatz 1,4081 Hartkirchen,+43 7273 / 8956,+437273 / 8956 - 55,gemeinde@hartkirchen.ooe.gv.at
Haslach an der Mühl,Marktplatz 45,4170 Haslach an der Mühl,+43 7289 / 71 7 50 - 0,,gemeinde@haslach.ooe.gv.at
Heiligenberg,Kirchenplatz 7,4733 Heiligenberg,+43 7277 / 2293 - 0,+437277 / 2293 - 2,gemeinde@heiligenberg.ooe.gv.at
Helfenberg,Leonfeldner Straße 15,4184 Helfenberg,+43 7216 / 7013,+437216 / 7013 - 22,gemeinde@helfenberg.ooe.gv.at
Hellmonsödt,Marktplatz 1,4202 Hellmonsödt,+43 7215 2255,+43 7215 2255 - 37,gemeinde@hellmonsoedt-zwettl.at
Helpfau-Uttendorf,Uttendorf 11b,5261 Uttendorf,+43 7724 / 2016,+437724 / 2016 - 8,gemeinde@helpfau-uttendorf.ooe.gv.at
Herzogsdorf,Kirchenplatz 10,4175 Herzogsdorf,+43 7231 / 2255 - 20,+437231 / 2255 - 40,gemeinde@herzogsdorf.ooe.gv.at
Hinterstoder,Hinterstoder 38,4573 Hinterstoder,+43 7564 / 5255 - 0,+437564 / 5255 - 23,gemeinde@hinterstoder.ooe.gv.at
Hinzenbach,Chr.-Zeller-Weg 1,4070 Hinzenbach,+43 7272 / 2460,+437272 / 2460 - 111,gemeindeamt@hinzenbach.ooe.gv.at
Hirschbach im Mühlkreis,Museumsweg 5,4242 Hirschbach im Mühlkreis,+43 7948 / 8701 - 0,+437948 / 8701 - 8,gemeinde@hirschbach.ooe.gv.at
Hochburg-Ach,Athalerstraße 3,5122 Hochburg-Ach,+43 7727 / 2255,+437727 / 2255 - 20,gemeinde@hochburg-ach.ooe.gv.at
Hofkirchen an der Trattnach,Hauptstraße 30,4716 Hofkirchen an der Trattnach,+43 7734 / 2255,+437734 / 2255 - 55,gemeinde@hofkirchen-trattnach.at
Hofkirchen im Mühlkreis,Markt 8,4142 Hofkirchen im Mühlkreis,+43 7285 / 7011 - 0,+437285 / 7011 - 4,gemeindeamt@hofkirchen.at
Hofkirchen im Traunkreis,Dorfplatz 1,4492 Hofkirchen im Traunkreis,+43 7225 / 7272,+437225 / 7272 - 9,gemeinde@hofkirchen-traunkreis.ooe.gv.at
Hohenzell,Hofmark 11,4921 Hohenzell,+43 7752 / 85 7 15,+437752 / 85 715-20,gemeinde@hohenzell.ooe.gv.at
Höhnhart,Höhnhart 60,5251 Höhnhart,+43 7755 / 5115,+437755 / 5115 - 20,gemeinde@hoehnhart.ooe.gv.at
Holzhausen,Landstraße 2,4615 Holzhausen,+43 7243 / 57 1 55,+437243 / 57 5 55,gemeinde@holzhausen.ooe.gv.at
Hörbich,Schulstraße 2,4132 Lembach im Mühlkreis,+43 7286 / 8255,+437286 / 8255 - 34,gemeinde@hoerbich.ooe.gv.at
Hörsching,Brucknerplatz 7,4063 Hörsching,+43 7221 / 72155,+43 7221 / 72 1 55 - 28,gemeindeamt@hoersching.at
Innerschwand am Mondsee,Wredeplatz 2,5310 Mondsee,+43 6232 / 2265,+436232 / 2265 - 25,gemeinde@innerschwand.ooe.gv.at
Inzersdorf im Kremstal,Dorfplatz 2,4565 Inzersdorf im Kremstal,+43 7582 / 81518,+437582 / 81518 - 20,gemeinde@inzersdorf.ooe.gv.at
Jeging,Jeging 1,5225 Jeging,+43 7744 / 6209,+437744 / 6209 - 19,gemeinde@jeging.ooe.gv.at
Julbach,Schulstraße 4,4162 Julbach,+43 7288 / 8155,,gemeinde@julbach.ooe.gv.at
Kallham,Hauptstraße 1,4720 Kallham,+43 7733 / 7355,+437733 / 7355 - 22,gemeinde@kallham.ooe.gv.at
Kaltenberg,Kaltenberg 2,4273 Kaltenberg,+43 7956 / 7305,+437956 / 7305 - 4,gemeinde@kaltenberg.ooe.gv.at
Katsdorf,Im Hof 1,4223 Katsdorf,+43 7235 / 8815 510,+437235 / 881 55 5,gemeinde@katsdorf.ooe.gv.at
Kefermarkt,Oberer Markt 15,4292 Kefermarkt,+43 7947 / 5910,+437947 / 5910 - 25,gemeinde@kefermarkt.ooe.gv.at
Kematen am Innbach,Innbachtalstraße 45,4633 Kematen am Innbach,+43 7247 / 6655,+437247 / 6655 - 4,gemeinde@kematen-innbach.ooe.gv.at
Kematen an der Krems,Linzerstraße 30,4531 Kematen an der Krems,+43 7228 / 7255,+437228 / 7255 - 85,gemeinde@kematen.at
Kirchberg bei Mattighofen,Kirchberg 27,5232 Kirchberg bei Mattighofen,+43 7747 / 4002,+437747 / 4002 - 4,gemeinde@kirchberg-mattighofen.ooe.gv.at
Kirchberg ob der Donau,Ortsplatz 5,4131 Kirchberg ob der Donau,+43 7282 / 4601,+437282 / 4601 - 5,gemeindeamt@kirchberg-donau.at
Kirchberg-Thening,Ortsplatz 1,4062 Kirchberg-Thening,+43 7221 / 63003,+437221 / 63 0 03 - 30,gemeinde@kirchberg-thening.ooe.gv.at
Kirchdorf am Inn,Kirchdorf a.I. 9,4982 Kirchdorf am Inn,+43 7758 / 2815,+437758 / 2815 - 4,gemeinde@kirchdorf-inn.ooe.gv.at
Kirchdorf an der Krems,Rathausplatz 1,4560 Kirchdorf an der Krems,+43 7582 / 62 2 38,+43 7582 / 622 38 - 51,office@kirchdorf-krems.ooe.gv.at
Kirchham,Kirchham 32,4656 Kirchham,+43 7619 / 2015,+437619 / 2015 - 20,gemeinde@kirchham.at
Kirchheim im Innkreis,Dorfstraße 12,4932 Kirchheim im Innkreis,+43 7755 / 6415,+437755 / 6415-15,gemeinde@kirchheim.ooe.gv.at
Kirchschlag bei Linz,Kirchschlag 44,4202 Kirchschlag bei Linz,+43 7215 / 2285,+437215 / 2285 - 20,gemeinde@kirchschlag.ooe.gv.at
Klaffer am Hochficht,Dorfplatz 1,4163 Klaffer am Hochficht,+43 7288 / 7026 - 0,+437288 / 7026 - 15,gemeinde@klaffer.ooe.gv.at
Klam,Klam 43,4352 Klam bei Grein,+43 7269 / 7255,+437269 / 7255 - 4,gemeinde@klam.at
Klaus an der Pyhrnbahn,Klaus an der Pyhrnbahn 100,4564 Klaus an der Pyhrnbahn,+43 7585 / 255,+437585 / 255 - 90,info@gemeinde-klaus.at
Kleinzell im Mühlkreis,Kleinzell im Mühlkreis 13,4115 Kleinzell im Mühlkreis,+43 7282 / 5355 - 0,+437282 / 5355 - 8,gemeinde@kleinzell.ooe.gv.at
Kollerschlag,Markt 14,4154 Kollerschlag,+43 7287 / 8155,+437287 / 8155 - 15,gemeinde@kollerschlag.at
Königswiesen,Markt 22,4280 Königswiesen,+43 7955 / 6255 - 0,+437955 / 6255 - 32,marktgemeinde@koenigswiesen.at
Kopfing im Innkreis,Hauptstraße 95,4794 Kopfing im Innkreis,+43 7763 / 2205,+437763 / 2205 - 5,gemeinde@kopfing.ooe.gv.at
Kremsmünster,Rathausplatz 1,4550 Kremsmünster,+43 7583 / 5255,+437583 / 7049,gemeinde@kremsmuenster.at
Krenglbach,Krenglbacher Straße 9,4631 Krenglbach,+43 7249 / 46013,+437249 / 46013 - 85,gemeinde@krenglbach.at
Kronstorf,Brucknerplatz 1,4484 Kronstorf,+43 7225 / 8256 - 10,,gemeinde@kronstorf.ooe.gv.at
Laakirchen,Rathausplatz 1,4663 Laakirchen,+43 7613 / 8644 - 0,+437613 / 8644 - 42,stadtamt@laakirchen.ooe.gv.at
Lambach,Marktplatz 8,4650 Lambach,+43 7245 / 28 3 55 - 0,,gemeinde@lambach.ooe.gv.at
Lambrechten,Lambrechten 70,4772 Lambrechten,+43 7765 / 215,+437765 / 215-15,gemeinde@lambrechten.ooe.gv.at
Langenstein,Hauptstraße 98,4222 Langenstein,+43 7237 / 2370,+437237 / 2370 - 85,gemeinde@langenstein.ooe.gv.at
Lasberg,Markt 26,4291 Lasberg,+43 7947 / 7255 - 0,+437947 / 7255- 33,marktgemeinde@lasberg.ooe.gv.at
Laussa,Kirchenplatz 1,4461 Laussa,+43 7255 / 7255,+437255 / 7255 - 85,gemeinde@laussa.ooe.gv.at
Lembach im Mühlkreis,Schulstraße 2,4132 Lembach im Mühlkreis,+43 7286 / 8255,+437286 / 8255 - 34,gemeinde@lembach.ooe.gv.at
Lengau,Salzburger Straße 9,5211 Friedburg,+43 7746 / 2202,+437746 / 2202 - 4,gemeinde@lengau.ooe.gv.at
Lenzing,Hauptplatz 10,4860 Lenzing,+43 7672 / 92955,+437672 / 92 9 55 - 45,marktgemeinde@lenzing.or.at
Leonding,Stadtplatz 1,4060 Leonding,+43 732 / 6878 - 0,+43 732 6878 100995,rathaus@leonding.at
Leopoldschlag,Marktplatz 17,4262 Leopoldschlag,+43 7949 / 8255 - 0,+437949 / 8255 - 14,gemeinde@leopoldschlag.ooe.gv.at
Lichtenau im Mühlkreis,St. Oswald bei Haslach 18,4170 St. Oswald bei Haslach,+43 7289 / 71 5 55 - 0,+437289 / 71 5 55 - 9,gemeinde@lichtenau.ooe.gv.at
Lichtenberg,Am Ortsplatz 1,4040 Lichtenberg,+43 7239 / 6708,+437239 / 6708 - 246,gemeinde@lichtenberg.ooe.gv.at
Liebenau,Liebenau 41,4252 Liebenau,+43 7953 / 8111 - 0,+437953 / 8111 - 30,marktgemeinde@liebenau.at
Linz,Hauptstraße 1-5,4041 Linz,+43 732 / 7070 - 0,+43732 / 737465,info@mag.linz.at
Lochen am See,Ringstraße 14,5221 Lochen am See,+43 7745 / 8255,+437745 / 8255 - 22,gemeinde@lochen.ooe.gv.at
Lohnsburg am Kobernaußerwald,Marktplatz 11,4923 Lohnsburg am Kobernaußerwald,+43 7754 / 4110-0,+437754 / 4110 - 85,gemeinde@lohnsburg.at
Losenstein,Eisenstraße 45,4460 Losenstein,+43 7255 / 6000 - 0,+437255 / 6000 - 20,gemeinde@losenstein.ooe.gv.at
Luftenberg an der Donau,Europaweg 1,4225 Luftenberg an der Donau,+43 7237 / 2231,+437237 / 2231 - 9,marktgemeindeamt@luftenberg.ooe.gv.at
Manning,Manning 31,4903 Manning,+43 7676 / 7275 - 0,+437676 / 7275 - 20,gemeinde@manning.ooe.gv.at
Marchtrenk,Linzer Straße 21,4614 Marchtrenk,+43 7243 / 552 - 0,+437243 / 552 - 300,gemeindeamt@marchtrenk.gv.at
Maria Neustift,Neustift 1,4443 Maria Neustift,+43 7250 / 625,+437250 / 625 - 74,gemeinde@maria-neustift.ooe.gv.at
Maria Schmolln,Maria Schmolln 64,5241 Maria Schmolln,+43 7743 / 2255,+437743 / 2255 - 4,gemeinde@maria-schmolln.ooe.gv.at
Mattighofen,Stadtplatz 1,5230 Mattighofen,+43 7742 / 2255 - 0,+437742 /2255 - 32,office@mattighofen.at
Mauerkirchen,Obermarkt 19,5270 Mauerkirchen,+43 7724 / 2855,+437724 / 2855 - 7,gemeinde@mauerkirchen.ooe.gv.at
Mauthausen,Marktplatz 7,4310 Mauthausen,+43 7238 / 2255 - 0,+437238 / 2255 - 99,gemeinde@mauthausen.at
Mayrhof,Mayrhof 14,4777 Mayrhof,+43 7767 / 215,+437767 / 22 8 35,gemeinde@mayrhof.ooe.gv.at
Meggenhofen,Am Dorfplatz 1,4714 Meggenhofen,+43 7247 / 7110,+437247 / 7110 - 4,gemeinde@meggenhofen.ooe.gv.at
Mehrnbach,Mehrnbach 80,4941 Mehrnbach,+43 7752 / 82 2 03 - 0,,gemeinde@mehrnbach.ooe.gv.at
Mettmach,Marktplatz 1,4931 Mettmach,+43 7755 / 7255,+437755 / 7255 - 20,gemeinde@mettmach.ooe.gv.at
Michaelnbach,Grieskirchner Straße 4,4712 Michaelnbach,+43 7277 / 2555,+437277 / 2555 - 30,gemeinde@michaelnbach.ooe.gv.at
Micheldorf in Oberösterreich,Rathausplatz 1,4563 Micheldorf in OÖ,+43 7582 / 61 2 50 - 0,+437582 / 61 2 50 - 41,gemeinde@micheldorf.at
Mining,Hofmark 19,4962 Mining,+43 7723 / 7055,+437723 / 7055 - 4,gemeinde@mining.ooe.gv.at
Mitterkirchen im Machland,Mitterkirchen im Machland 50,4343 Mitterkirchen im Machland,+43 7269 / 8255 - 0,+437269 / 8255 - 25,gemeinde@mitterkirchen.ooe.gv.at
Molln,Marktstraße 1,4591 Molln,+43 7584 / 2255,+437584 / 2255 - 22,gemeinde@molln.ooe.gv.at
Mondsee,Marktplatz 14,5310 Mondsee,+43 6232 / 2203 - 0,,gemeinde@mondsee.ooe.gv.at
Moosbach,Moosbach 21,5271 Moosbach,+43 7724 / 2857,+437724 / 2857 - 4,gemeindeamt@moosbach.at
Moosdorf,Friedensplatz 1,5141 Moosdorf,+43 7748 / 2666 - 0,+437748 / 2666 - 20,gemeinde@moosdorf.ooe.gv.at
Mörschwang,Mörschwang 15,4982 Mörschwang,+43 7758 / 2266,+437758 / 2266,gemeinde@moerschwang.ooe.gv.at
Mühlheim am Inn,Kirchenstraße 2/1,4961 Mühlheim am Inn,+43 7723 / 42 9 55,+437723 / 42 9 55 - 5,gemeinde@muehlheim-inn.ooe.gv.at
Munderfing,Dorfplatz 1,5222 Munderfing,+43 7744 / 6255,+437744 / 6255 - 5,gemeinde@munderfing.ooe.gv.at
Münzbach,Arbinger Straße 7,4323 Münzbach,+43 7264 / 4555,+437264 / 4555 - 4,gemeinde@muenzbach.ooe.gv.at
Münzkirchen,Schärdinger Straße 1,4792 Münzkirchen,+43 7716 / 7255,+437716 / 7255 - 20,info@muenzkirchen.at
Naarn im Machlande,Perger Straße 2,4331 Naarn im Machlande,+43 7262 / 58 2 55,+437262 / 58 2 55 - 31,gemeinde@naarn.ooe.gv.at
Natternbach,Kirchenplatz 6,4723 Natternbach,+43 7278 / 8255 - 0,+437278 / 8255 - 2,gemeinde@natternbach.ooe.gv.at
Nebelberg,Nebelberg 50,4155 Nebelberg,+43 7287 / 7640,+437287 / 7640 - 17,gemeinde@nebelberg.ooe.gv.at
Neufelden,Markt 22,4120 Neufelden,+43 7282 / 6255,+437282 / 6255 - 8,gemeinde@neufelden.ooe.gv.at
Neuhofen an der Krems,Kirchenplatz 3,4501 Neuhofen an der Krems,+43 7227 / 4255,+437227 / 4255 - 22,gemeinde@neuhofen-krems.at
Neuhofen im Innkreis,Hauptstraße 3,4912 Neuhofen im Innkreis,+43 7752 / 82155,+437752 / 82155-20,gemeinde@neuhofen-innkreis.ooe.gv.at
Neukirchen am Walde,Marktplatz 20,4724 Neukirchen am Walde,+43 7278 / 3255,+437278 / 3255 - 2,gemeinde@neukirchen-walde.ooe.gv.at
Neukirchen an der Enknach,Dorfplatz 1,5145 Neukirchen an der Enknach,+43 7729 / 2255 - 0,+437729 / 2255 - 16,gemeinde@neukirchen.ooe.gv.at
Neukirchen an der Vöckla,Kirchenplatz 4,4872 Neukirchen an der Vöckla,+43 7682 / 7155,+437682 / 7155 - 19,gemeinde@neukirchen-voeckla.ooe.gv.at
Neukirchen bei Lambach,Neukirchen bei Lambach 8,4671 Neukirchen bei Lambach,+43 7245 / 27 0 55,,gemeinde@neukirchen-lambach.ooe.gv.at
Neumarkt im Hausruckkreis,Marktplatz 30,4720 Neumarkt im Hausruckkreis,+43 7733 / 7254,+437733 / 7254 - 14,gemeinde@neumarkt-hausruck.ooe.gv.at
Neumarkt im Mühlkreis,Marktplatz 1,4212 Neumarkt im Mühlkreis,+43 7941 / 8255 - 0,+437941 / 8255 - 23,gemeinde@neumarkt-muehlkreis.ooe.gv.at
Neustift im Mühlkreis,Passauerstraße 14,4143 Neustift im Mühlkreis,+43 7284 / 8155,+437284 / 8155 - 14,gemeinde@neustift-muehlviertel.at
Niederkappel,Hauptstraße 12,4133 Niederkappel,+43 7286 / 8555,+437286 / 8555 - 30,gemeinde@niederkappel.at
Niederneukirchen,Dorfplatz 1,4491 Niederneukirchen,+43 7224 / 7155,+437224 / 7155 - 18,gemeinde@niederneukirchen.ooe.gv.at
Niederthalheim,Hauptstraße 42,4692 Niederthalheim,+43 7673 / 7055,+437673 / 7055 - 4,gemeinde@niederthalheim.ooe.gv.at
Niederwaldkirchen,Markt 22,4174 Niederwaldkirchen,+43 7231 / 2515,,gemeinde@niederwaldkirchen.at
Nußbach,Kirchenplatz 2,4542 Nußbach,+43 7587 / 8255 - 14,+437587 / 8255 - 20,gemeinde@nussbach.ooe.gv.at
Nußdorf am Attersee,Dorfstraße 33,4865 Nußdorf am Attersee,+43 7666 / 8055,+437666 / 8022,gemeinde@nussdorf.ooe.gv.at
Oberhofen am Irrsee,Oberhofen am Irrsee 12,4894 Oberhofen am Irrsee,+43 6213 / 8215 - 0,+436213 / 8215 - 4,gemeinde@oberhofen-irrsee.ooe.gv.at
Oberkappel,Marktstraße 4,4144 Oberkappel,+43 7284 / 202 - 0,+437284 / 202-20,marktgemeinde@oberkappel.at
Obernberg am Inn,Marktplatz 36,4982 Obernberg am Inn,+43 7758 / 2255 - 0,+437758 / 2255 - 24,gemeinde@obernberg-inn.ooe.gv.at
Oberndorf bei Schwanenstadt,Atzbacher Straße 20,4690 Oberndorf bei Schwanenstadt,+43 7673 / 2356,+437673 / 2356-10,gemeinde@oberndorf.ooe.gv.at
Oberneukirchen,Marktplatz 43,4181 Oberneukirchen,+43 7212 / 7055,+437212 / 7055 - 5,gemeinde@oberneukirchen.ooe.gv.at
Oberschlierbach,Oberschlierbach 1,4554 Oberschlierbach,+43 7582 / 62019,+437582 / 62019 - 4,gemeinde@oberschlierbach.ooe.gv.at
Obertraun,Obertraun 180,4831 Obertraun,+43 6131 / 342,+436131 / 342 - 22,gemeinde@obertraun.ooe.gv.at
Oberwang,Oberwang 90,4882 Oberwang,+43 6233 / 8217,+436233 / 8217 - 4,gemeinde@oberwang.ooe.gv.at
Oepping,Kapellenstraße 2,4151 Oepping,+43 7289 / 8235,+437289 / 8235 - 35,gemeinde@oepping.ooe.gv.at
Offenhausen,Gemeindeplatz 1,4625 Offenhausen,+43 7247 / 6155,+437247 / 6510 - 21,gemeindeamt@offenhausen.ooe.gv.at
Oftering,Ofteringer Straße 1,4064 Oftering,+43 7221 / 63541,,gemeinde@oftering.ooe.gv.at
Ohlsdorf,Wöhrerstraße 2,4694 Ohlsdorf,+43 7612 / 47 2 55 - 0,+437612 / 47 2 55 - 19,gemeinde@ohlsdorf.ooe.gv.at
Ort im Innkreis,Ort im Innkreis 81,4974 Ort im Innkreis,+43 7751 / 8314,+437751 / 8314 - 15,gemeinde@ort.ooe.gv.at
Ostermiething,Bergstraße 30,5121 Ostermiething,+43 6278 / 6255,+436278 / 6255 - 21,gemeinde@ostermiething.ooe.gv.at
Ottenschlag im Mühlkreis,Marktplatz 2,4204 Reichenau im Mühlkreis,+43 7211 / 8255 - 0,+437211 / 8255-5,gemeindeamt@ottenschlag.at
Ottensheim,Marktplatz 7,4100 Ottensheim,+43 7234 / 82 2 55,+43 7234 / 82 255 -34,gemeinde@ottensheim.ooe.gv.at
Ottnang am Hausruck,Marktplatz 1,4901 Ottnang am Hausruck,+43 7676 / 7255,+437676 / 7255 - 20,gemeinde@ottnang.ooe.gv.at
Pabneukirchen,Markt 16,4363 Pabneukirchen,+43 7265 / 5255,+437265 / 5255 - 50,gemeinde@pabneukirchen.ooe.gv.at
Palting,Palting 15,5163 Palting,+43 6217 / 7124,+436217 / 7124 - 4,gemeinde@palting.ooe.gv.at
Pasching,Leondinger Straße 10,4061 Pasching,+43 7221 / 88 5 15,+437221 / 88 6 88,office@pasching.at
Pattigham,Hauptstrasse 10,4910 Pattigham,+43 7754 / 8455,,gemeinde@pattigham.ooe.gv.at
Peilstein im Mühlviertel,Markt 7,4153 Peilstein im Mühlviertel,+43 7287 / 7203,+437287 / 7203 - 18,gemeinde@peilstein.at
Pennewang,Pennewang 17,4624 Pennewang,+43 7245 / 26 1 55,+437245 / 26 1 55 - 4,gemeinde@pennewang.ooe.gv.at
Perg,Hauptplatz 4,4320 Perg,+43 7262 / 52 2 55 - 0,+437262 / 52 2 55 - 85,stadtamt@stadt.perg.at
Perwang am Grabensee,Hauptstraße 16,5166 Perwang am Grabensee,+43 6217 / 8247,+436217 / 8247 - 15,gemeinde@perwang.ooe.gv.at
Peterskirchen,Peterskirchen 25,4743 Peterskirchen,+43 7750 / 3413 - 0,+437750 /3413 - 16,gemeinde@peterskirchen.ooe.gv.at
Pettenbach,Kirchenplatz 3,4643 Pettenbach,+43 7586 / 8155 - 0,+437586 / 8155 - 25,gemeinde@pettenbach.ooe.gv.at
Peuerbach,Rathausplatz 1,4722 Peuerbach,+43 7276 / 2255,+437276 / 2255 - 20,stadt@peuerbach.ooe.gv.at
Pfaffing,Pfaffing 2,4870 Vöcklamarkt,+43 7682 / 6355,+437682 / 6355 - 55,gemeinde@pfaffing.ooe.gv.at
Pfaffstätt,Kirchenplatz 1,5223 Pfaffstätt,+43 7742 / 2355,+437742 / 2355 - 17,gemeinde@pfaffstaett.ooe.gv.at
Pfarrkirchen bei Bad Hall,Möderndorferstraße 1,4540 Pfarrkirchen bei Bad Hall,+43 7258 / 2433,+437258 / 2433 13,gemeinde@pfarrkirchen-badhall.ooe.gv.at
Pfarrkirchen im Mühlkreis,Pfarrkirchen im Mühlkreis 13,4141 Pfarrkirchen im Mühlkreis,+43 7285 / 415,+437285 / 415 - 4,gemeindeamt@pfarrkirchen.at
Piberbach,Dorfplatz 1,4533 Piberbach,+43 7228 / 8214,+437228 / 8214-4,gemeinde@piberbach.ooe.gv.at
Pichl bei Wels,Gemeindeplatz 7,4632 Pichl bei Wels,+43 7247 / 8555 - 0,,gemeinde@pichl.ooe.gv.at
Pierbach,Dorfstraße 22,4282 Pierbach,+43 7267 / 8255,+437267 / 8255 - 14,gemeinde@pierbach.ooe.gv.at
Pilsbach,Oberpilsbach 17,4840 Vöcklabruck,+43 7672 / 72 2 40,,gemeinde@pilsbach.ooe.gv.at
Pinsdorf,Moosweg 3,4812 Pinsdorf,+43 7612 / 639 55,+437612 / 639 55 20,gemeinde@pinsdorf.ooe.gv.at
Pischelsdorf am Engelbach,Pischelsdorf 5,5233 Pischelsdorf am Engelbach,+43 7742 / 7415 - 0,,gemeinde@pischelsdorf.ooe.gv.at
Pitzenberg,Atzbacher Straße 20,4690 Oberndorf bei Schwanenstadt,+43 7673 / 2445,+437673 / 2445 - 10,gemeinde@pitzenberg.ooe.gv.at
Pollham,Pollham 31,4710 Grieskirchen,+43 7248 / 68 7 12,+437248 / 68 7 12 - 20,gemeinde@pollham.ooe.gv.at
Polling im Innkreis,Waghamer Straße 3,4951 Polling i.I.,+43 7723 / 6505,+437723 / 6505 - 20,gemeinde@polling-innkreis.ooe.gv.at
Pöndorf,Pöndorf 5,4891 Pöndorf,+43 7684 / 7113,+437684 / 7113 - 20,gemeinde@poendorf.at
Pötting,Pötting 55,4720 Neumarkt im Hausruckkreis,+43 7733 / 7285,+437733 / 7285 - 18,gemeinde@poetting.ooe.gv.at
Pram,Marktstraße 1,4742 Pram,+43 7736 / 6255,+437736 / 6255 - 31,Gemeinde@pram.at
Prambachkirchen,Prof.-Anton-Lutz-Weg 1,4731 Prambachkirchen,+43 7277 / 2302 - 0,+437277 / 2302 - 22,gemeinde@prambachkirchen.at
Pramet,Pramet 35,4925 Pramet,+43 7754 / 8450,+437754 / 8191,gemeinde@schildorn-pramet.at
Pregarten,Stadtplatz 12,4230 Pregarten,+43 7236 / 2255 - 0,+437236 / 2255 - 27,stadtamt@pregarten.ooe.gv.at
Puchenau,Kirchenstraße 1,4048 Puchenau,+43 732 / 221055 - 0,+43732 / 221055 - 211,gemeinde@puchenau.at
Puchkirchen am Trattberg,Puchkirchen 3,4849 Puchkirchen am Trattberg,+43 7682 / 7228,+437682 / 7228 - 8,gemeinde@puchkirchen.ooe.gv.at
Pucking,Puckinger Straße 5,4055 Pucking,+43 7229 / 88 9 11,+437229 / 88 9 11 - 10,gemeinde@pucking.ooe.gv.at
Pühret,Atzbacher Straße 20,4690 Oberndorf bei Schwanenstadt,+43 7673 / 2445,+437673 / 2445 - 10,gemeinde@puehret.ooe.gv.at
Pupping,Pupping 13,4070 Pupping,+43 7272 / 2331,+437272 / 2331 - 17,gemeinde@pupping.ooe.gv.at
Putzleinsdorf,Markt 7,4134 Putzleinsdorf,+43 7286 / 8276 - 0,+437286 / 8276 - 9,marktgemeinde@putzleinsdorf.at
Raab,Marktstraße 7,4760 Raab,+43 7762 / 2255,,gemeinde@raab.ooe.gv.at
Rainbach im Innkreis,Rainbach i.I. 50,4791 Rainbach im Innkreis,+43 7716 / 8013,+437716 / 8013 - 22,gemeinde@rainbach-innkreis.ooe.gv.at
Rainbach im Mühlkreis,Prager Straße 5,4261 Rainbach im Mühlkreis,@+43 7949 / 6255 - 0,+43 7949 / 6255 ? 17,gemeinde@rainbach-muehlkreis.ooe.gv.at
Rechberg,Rechberg 9,4324 Rechberg,+43 7264 / 4655,+437264 / 4655 - 4,gemeindeamt@rechberg.ooe.gv.at
Redleiten,Redltaler Straße 23,4873 Redleiten,+43 7683 / 8355,+437683 / 8355 - 14,gemeinde@redleiten.ooe.gv.at
Redlham,Redlham 1,4846 Redlham,+43 7674 / 62 2 79,+437674 / 62 2 79 - 14,gemeinde@redlham.ooe.gv.at
Regau,Regau 9,4844 Regau,+43 7672 / 23 1 02,+437672 / 23 1 02 - 4,gemeinde@regau.ooe.gv.at
Reichenau im Mühlkreis,Marktplatz 2,4204 Reichenau im Mühlkreis,+43 7211 / 8255 - 0,+437211 / 8255-5,marktgemeindeamt@reichenau-ooe.at
Reichenthal,Oberer Markt 11,4193 Reichenthal,+43 7214 / 7007,+437214 / 7007 - 18,gemeinde@reichenthal.at
Reichersberg,Marktplatz 1,4981 Reichersberg,+43 7758 / 2315,+7758/2315-15,gemeinde@reichersberg.ooe.gv.at
Reichraming,Am Ortsplatz 1,4462 Reichraming,+43 7255 / 6600,+437255 / 6600 - 30,gemeindeamt@reichraming.at
Ried im Innkreis,Hauptplatz 12,4910 Ried im Innkreis,+43 7752 / 901 -0,+437752 / 71217,office@ried.gv.at
Ried im Traunkreis,Hauptstraße 27,4551 Ried im Traunkreis,+43 7588 / 7255,+437588 / 7255 - 10,gemeinde@ried-traunkreis.ooe.gv.at
Ried in der Riedmark,Marktplatz 2,4312 Ried in der Riedmark,+43 7238 / 2055,+437238 / 2055 - 30,gemeinde@ried-riedmark.ooe.gv.at
Riedau,Marktplatz 32-33,4752 Riedau,+43 7764 / 8255,,gemeinde@riedau.ooe.gv.at
Rohr im Kremstal,Ortsplatz 1,4532 Rohr im Kremstal,+43 7258 / 2207,+437258 / 2207,gemeinde@rohr.ooe.gv.at
Rohrbach-Berg,Stadtplatz 1-2,4150 Rohrbach-Berg,+43 7289 / 6255,+437289 / 6255 - 133,stadt@rohrbach-berg.ooe.gv.at
Roitham am Traunfall,Gemeindeplatz 9,4661 Roitham,+43 7613 / 5155 - 0,+437613 / 5155 - 4,gemeinde@roitham.ooe.gv.at
Rosenau am Hengstpaß,Hauptstraße 16,4581 Rosenau am Hengstpaß,+43 7566 / 255,+437566 / 255 - 30,gemeinde@rosenau.ooe.gv.at
Roßbach,Roßbach 14,5273 Roßbach,+43 7724 / 8110,+437724 / 8110 - 4,gemeinde@rossbach.ooe.gv.at
Roßleithen,Pichl 1,4575 Roßleithen,+43 7562 / 5230,+437562 / 5230 - 77,gemeinde@rossleithen.ooe.gv.at
Rottenbach,Rottenbach 12,4681 Rottenbach,+43 7732 / 2755,+437732 / 2755 - 50,gemeinde@rottenbach.ooe.gv.at
Rüstorf,Rüstorf 1,4690 Schwanenstadt,+43 7673 / 2455,+437673 / 2455 - 18,gemeinde@ruestorf.ooe.gv.at
Rutzenham,Atzbacher Straße 20,4690 Oberndorf bei Schwanenstadt,+43 7673 / 2445,+437673 / 2445 - 10,gemeinde@rutzenham.ooe.gv.at
Sandl,Sandl 24,4251 Sandl,+43 7944 / 8255,,gemeinde@sandl.ooe.gv.at
Sarleinsbach,Marktplatz 4,4152 Sarleinsbach,+43 7283 / 8255,+437283 / 8255 -50,gemeindeamt@sarleinsbach.at
Sattledt,Marktplatz 1,4642 Sattledt,+43 7244 / 8855 - 0,,gemeinde@sattledt.ooe.gv.at
Saxen,Saxen 77,4351 Saxen,+43 7269 / 355,+437269 / 355 - 20,gemeinde@saxen.at
Schalchen,Hauptstraße 3a,5231 Schalchen,+43 7742 / 2555,+437742 / 2555 - 25,gemeinde@schalchen.ooe.gv.at
Schardenberg,Schärdingerstraße 4,4784 Schardenberg,+43 7713 / 70 55,,office@schardenberg.ooe.gv.at
Schärding,Unterer Stadtplatz 1,4780 Schärding,+43 7712 / 3154,+437712 / 3154 - 554,stadt@schaerding.ooe.gv.at
Scharnstein,Hauptstraße 13,4644 Scharnstein,+43 7615 / 2255,+437615 / 2255 - 30,gemeinde@scharnstein.ooe.gv.at
Scharten,Scharten 60,4612 Scharten,+43 7272 / 5255,+437272 / 5255 - 9,gemeinde@scharten.ooe.gv.at
Schenkenfelden,Markt 1,4192 Schenkenfelden,+43 7214 / 7005,+437214 / 7005-9,gemeinde@schenkenfelden.ooe.gv.at
Schiedlberg,Gemeindeplatz 1,4521 Schiedlberg,+43 7251 / 255,+437251 / 255 - 15,gemeinde@schiedlberg.ooe.gv.at
Schildorn,Dorfplatz 1,4920 Schildorn,+43 7754 / 8030,+437754 / 8030 - 16,gemeinde@schildorn-pramet.at
Schlatt,Atzbacher Strasse 20,4690 Oberndorf bei Schwanenstadt,+43 7673 / 2355,43 7673 2356 10,gemeinde@schlatt.ooe.gv.at
Schleißheim,Dorfstraße 14,4600 Schleißheim,+43 7242 / 42420 - 0,+437242 / 42 4 20 - 6,gemeinde@schleissheim.at
Schlierbach,Stiftsstraße 1,4553 Schlierbach,+43 7582 / 81255,+437582 / 81 2 55 - 5,gemeinde@schlierbach.at
Schlüßlberg,Marktplatz 1,4707 Schlüßlberg,+43 7248 / 66 0 66 - 0,+437248 / 66 0 66 - 20,gemeinde@schluesslberg.ooe.gv.at
Schönau im Mühlkreis,Schulstraße 1,4274 Schönau im Mühlkreis,+43 7261 / 7255,+437261 / 7255 - 19,gemeinde@schoenau-im.at
Schörfling am Attersee,Marktplatz 32,4861 Schörfling am Attersee,+43 7662 / 3255 - 0,+43 7662 / 3255 - 60,gemeinde@schoerfling.eu
Schwand im Innkreis,Neukirchner Straße 2,5134 Schwand im Innkreis,+43 7728 / 7010,+437728 / 7010 - 4,gemeinde@schwand.ooe.gv.at
Schwanenstadt,Stadtplatz 54,4690 Schwanenstadt,+43 7673 / 2255,+437673 / 2255 - 39,stadtamt@schwanenstadt.ooe.gv.at
Schwarzenberg am Böhmerwald,Hauptstraße 4,4164 Schwarzenberg am Böhmerwald,+43 7280 / 255 - 0,+437280 / 255 - 4,gemeinde@schwarzenberg.ooe.gv.at
Schwertberg,Schacherbergstraße 3,4311 Schwertberg,+43 7262 / 61155,+437262 / 62 7 75,gemeinde@schwertberg.at
Seewalchen am Attersee,Rathausplatz 1,4863 Seewalchen am Attersee,+43 7662 / 4491 - 0,+437662 / 4491 - 21,gemeinde@seewalchen.eu
Senftenbach,Berg 22,4973 Senftenbach,+43 7751 /8245,+437751 / 8245-14,gemeinde@senftenbach.ooe.gv.at
Sierning,Kirchenplatz 1,4522 Sierning,+43 7259 / 2255,+437259 / 2255 - 272,gemeinde@sierning.at
Sigharting,Hofmark 5,4771 Sigharting,+43 7766 / 2405,+437766 / 2405 - 15,gemeinde@sigharting.ooe.gv.at
Sipbachzell,Hauptstraße 29,4621 Sipbachzell,+43 7240 / 8155 - 15,+437240 / 8155 - 19,gemeinde@sipbachzell.ooe.gv.at
Sonnberg im Mühlkreis,Sonnberg 70,4180 Sonnberg im Mühlkreis,+43 7212 / 6565,+437212 / 6565 - 20,gemeinde@sonnberg.ooe.gv.at
Spital am Pyhrn,Stiftsplatz 7,4582 Spital am Pyhrn,+43 7563 / 255,+437563 / 255 - 83,gemeinde@spital-pyhrn.ooe.gv.at
St. Aegidi,St. Aegidi 10,4725 St. Aegidi,+43 7717 / 7355,+437717 / 7355 - 4,gemeinde@st-aegidi.ooe.gv.at
St. Agatha,Kirchenplatz 1,4084 St. Agatha,+43 7277 / 8255 - 0,+437277 / 8255 - 12,gemeinde@st-agatha.ooe.gv.at
St. Florian,Leopold Kotzmann-Straße 1,4490 St. Florian,+43 7224 / 4255,+437224 / 4255 - 42,gemeinde@st-florian.ooe.gv.at
St. Florian am Inn,St. Florian am Inn 11,4782 St. Florian am Inn,+43 7712 / 3021,+437712 / 3021 - 24,gemeinde@st-florian-inn.ooe.gv.at
St. Georgen am Fillmannsbach,St. Georgen 29,5144 St. Georgen am Fillmannsbach,+43 7748 / 8075,+437748 / 8075,gemeinde@st-georgen-fillmannsbach.ooe.gv.at
St. Georgen am Walde,Markt 9,4372 St. Georgen am Walde,+43 7954 / 3030,+437954 / 3030 - 30,marktgemeinde@st-georgen-walde.ooe.gv.at
St. Georgen an der Gusen,Marktplatz 12,4222 St. Georgen an der Gusen,+43 7237 / 2255,+437237 / 2255 - 55,gemeinde@st-georgen-gusen.at
St. Georgen bei Grieskirchen,St. Georgen 34,4710 Grieskirchen,+43 7248 / 62463,+437248 / 62 4 63 - 13,gemeinde@st-georgen-grieskirchen.ooe.gv.at
St. Georgen bei Obernberg am Inn,St. Georgen bei Obernberg am Inn 18,4983 Obernberg am Inn,+43 7758 / 2355,+437758 / 2355-4,gemeinde@st-georgen-obernberg.ooe.gv.at
St. Georgen im Attergau,Attergaustraße 21,4880 St. Georgen im Attergau,+43 7667 / 6255,+437667 / 6255 - 34,gemeinde@st-georgen-attergau.ooe.gv.at
St. Gotthard im Mühlkreis,Rottenegger Straße 17,4112 St. Gotthard im Mühlkreis,+43 7234 / 87055,+437234 / 87 0 55 - 23,gemeinde@st-gotthard.ooe.gv.at
St. Johann am Walde,St. Johann am Walde 8,5242 St. Johann am Walde,+43 7743 / 8600,+437743 / 8600 - 20,gemeinde@st-johann-walde.ooe.gv.at
St. Johann am Wimberg,St. Johann am Wimberg 10,4172 St. Johann am Wimberg,+43 7217 / 7155,+437217 / 7155 - 16,gemeinde@stjohannamwimberg.at
St. Konrad,Ort 10,4817 St. Konrad,+43 7615 / 8029,+437615 / 8029 - 16,gemeinde@st-konrad.ooe.gv.at
St. Leonhard bei Freistadt,Hauptstraße 9,4294 St. Leonhard bei Freistadt,+43 7952 / 8255,+437952 / 8255 - 9,gemeinde@st-leonhard.ooe.gv.at
St. Lorenz,Wredeplatz 2,5310 Mondsee,+43 6232 / 2265,+436232 / 2265 - 25,gemeinde@st-lorenz.ooe.gv.at
St. Marien,St. Marien 1,4502 St. Marien,+43 7227 / 8155,+437227 / 8155 - 24,gemeinde@st-marien.ooe.gv.at
St. Marienkirchen am Hausruck,St. Marienkirchen am Hausruck 11,4926 St. Marienkirchen am Hausruck,+43 7753 / 2812,+437753 / 2812 - 4,gemeinde@st-marienkirchen-hausruck.ooe.gv.at
St. Marienkirchen an der Polsenz,Kirchenplatz 1,4076 St. Marienkirchen an der Polsenz,+43 7249 / 47112 - 0,+437249 / 47 1 12 - 6,gemeinde@st-marienkirchen-polsenz.ooe.gv.at
St. Marienkirchen bei Schärding,Hauptstraße 8,4774 St. Marienkirchen bei Schärding,+43 7711 / 2254 - 0,+437711 / 2254-30,gemeinde@st-marienkirchen.ooe.gv.at
St. Martin im Innkreis,Diesseits 184,4973 St. Martin im Innkreis,+43 7751 / 8255 - 0,+437751 / 8255 - 14,gemeinde@st-martin-innkreis.at
St. Martin im Mühlkreis,Markt 2,4113 St. Martin im Mühlkreis,+43 7232 / 2105 - 0,+437232 / 2105 - 9,gemeindeamt@sankt-martin.at
St. Nikola an der Donau,St. Nikola 16,4381 St. Nikola an der Donau,+43 7268 / 8155,+437268 / 8155 - 11,gemeinde@st-nikola-donau.ooe.gv.at
St. Oswald bei Freistadt,Markt 80,4271 St. Oswald bei Freistadt,+43 7945 / 7255,+437945 / 7255 - 28,gemeinde@st-oswald-freistadt.ooe.gv.at
St. Oswald bei Haslach,St. Oswald bei Haslach 18,4170 St. Oswald bei Haslach,+43 7289 / 71555 - 0,+437289 / 71 5 55 - 9,gemeinde@st-oswald-haslach.ooe.gv.at
St. Pankraz,St. Pankraz 1,4572 St. Pankraz,+43 7565 / 245 - 0,+437565 / 245 - 4,gemeinde@st-pankraz.ooe.gv.at
St. Pantaleon,Pantaleoner Straße 25,5120 St. Pantaleon,+43 6277 / 7990,+436277 / 7990 - 12,gemeinde@st-pantaleon.ooe.gv.at
St. Peter am Hart,St. Peter 39,4963 St. Peter am Hart,+43 7722 / 62843,+437722 / 62 8 43 - 15,gde@st-peter-hart.ooe.gv.at
St. Peter am Wimberg,Markt 2,4171 St. Peter am Wimberg,+43 7282 / 8055 - 15,+437282 / 8055 - 22,gemeinde@st-peter.at
St. Radegund,St. Radegund 7,5121 St. Radegund,+43 6278 / 20055,+436278 / 200 55 - 20,post@st-radegund.ooe.gv.at
St. Roman,Altendorf 11,4793 St. Roman,+43 7716 / 7359,+437716 / 7359 - 4,gemeinde@st-roman.ooe.gv.at
St. Stefan-Afiesl,St. Stefan am Walde 65,4170 St. Stefan-Afiesl,+43 7216 / 7010 - 0,+437216 / 7010 - 22,gemeinde@ststefan-afiesl.at
St. Thomas,St. Thomas 100,4732 St. Thomas,+43 7277 / 7212,+437277 / 7212 - 20,gemeinde@st-thomas.ooe.gv.at
St. Thomas am Blasenstein,Markt 7,4364 St. Thomas am Blasenstein,+43 7265 / 5455,,marktgemeinde@st-thomas-blasenstein.ooe.gv.at
St. Ulrich bei Steyr,Pfarrplatz 7,4400 St. Ulrich bei Steyr,+43 7252 / 53303 - 0,+437252 / 46 0 90,gemeinde@st-ulrich.at
St. Ulrich im Mühlkreis,Ulrichstraße 4,4116 St. Ulrich im Mühlkreis,+43 7282 / 6213,+437282 / 6213 - 14,gemeindeamt@st-ulrich.ooe.gv.at
St. Veit im Innkreis,St. Veit im Innkreis 31,5273 St. Veit im Innkreis,+43 7723 / 6113,+437723 / 6113 - 4,gemeinde@st-veit-innkreis.ooe.gv.at
St. Veit im Mühlkreis,Schnopfhagenplatz 3,4173 St. Veit im Mühlkreis,+43 7217 / 6055,+437217 / 6055 - 21,gemeinde@st-veit.ooe.gv.at
St. Willibald,Hauptstraße 20,4762 St. Willibald,+43 7762 / 2815,+437762 / 2815 - 26,gemeinde@sankt-willibald.at
St. Wolfgang im Salzkammergut,Rudi Nierlich Platz 1,5360 St. Wolfgang im Salzkammergut,+43 6138 / 2312 - 0,+436138 / 2312 - 81,gemeindeamt@st-wolfgang.ooe.gv.at
Stadl-Paura,Marktplatz 1,4651 Stadl-Paura,+43 7245 / 28 0 11,+437245 / 28 0 11 - 25,gemeinde@stadl-paura.at
Steegen,Badergasse 5,4722 Peuerbach,+43 7276 / 2301 - 0,+437276 / 2301 - 4,gemeinde@steegen.ooe.gv.at
Steinbach am Attersee,Steinbach am Attersee 5,4853 Steinbach am Attersee,+43 7663 / 255 - 0,+437663 / 255 - 21,gemeinde@steinbach-attersee.ooe.gv.at
Steinbach am Ziehberg,Steinbach 4,4562 Steinbach am Ziehberg,+43 7582 / 7255,+437582 / 7255 - 25,gemeinde@steinbach-ziehberg.ooe.gv.at
Steinbach an der Steyr,Ortsplatz 2,4596 Steinbach an der Steyr,+43 7257 7203,+43 7257 / 7203 - 516,gemeinde@steinbach-steyr.ooe.gv.at
Steinerkirchen an der Traun,Landstraße 7,4652 Steinerkirchen an der Traun,+43 7241 / 2255 0,+437241 / 2255 - 24,gemeinde@steinerkirchen-traun.ooe.gv.at
Steinhaus,Gemeindeplatz 2,4641 Steinhaus,+43 7242 / 27455,+437242 / 27455 - 2,gemeinde@steinhaus.ooe.gv.at
Steyr,Stadtplatz 27,4400 Steyr,+43 7252 / 575,+437252 / 575 - 285,office@steyr.gv.at
Steyregg,Weißenwolffstraße 3,4221 Steyregg,+43 732 / 64 01 55,+43732 / 64 05 55,office@steyregg.at
Straß im Attergau,Straß im Attergau 30,4881 Straß im Attergau,+43 7667 / 7112,+437667 / 7112 - 14,gemeinde@strass.ooe.gv.at
Stroheim,Stroheim 30,4074 Stroheim,+43 7272 / 6255,,gemeinde@stroheim.ooe.gv.at
Suben,Suben 7,4975 Suben,+43 7711 / 2255,+437711 / 2255 - 13,gemeinde@suben.at
Taiskirchen im Innkreis,Hofmarkt 29,4753 Taiskirchen im Innkreis,+43 7764 / 8257-0,+437764 / 8257 - 15,gemeinde@taiskirchen.ooe.gv.at
Tarsdorf,Tarsdorf 160,5121 Tarsdorf,+43 6278 / 8103,+436278 / 8103 - 77,gemeinde@tarsdorf.ooe.gv.at
Taufkirchen an der Pram,Schärdinger Straße 1,4775 Taufkirchen an der Pram,+43 7719 / 7255,+437719 / 7255 - 30,gemeinde@taufkirchen-pram.ooe.gv.at
Taufkirchen an der Trattnach,Taufkirchen 105,4715 Taufkirchen an der Trattnach,+43 7734 / 4010,+437734 / 2856,gemeinde@taufkirchen-trattnach.ooe.gv.at
Ternberg,Kirchenplatz 12,4452 Ternberg,+43 7256 / 6001,+437256 / 6001 - 40,amtsleitung@ternberg.ooe.gv.at
Thalheim bei Wels,Gemeindeplatz 1,4600 Thalheim bei Wels,+43 7242 / 47074 - 0,+437242 / 29 7 53,marktgemeinde@thalheim.at
Tiefgraben,Wredeplatz 2,5310 Mondsee,+43 6232 / 2265,+436232 / 2265 - 25,gemeinde@tiefgraben.ooe.gv.at
Timelkam,Pollheimerstraße 5,4850 Timelkam,+43 7672 / 95 1 05 - 0,+437672 / 95 1 05 - 10,marktgemeinde@timelkam.at
Tollet,Tollet 1,4710 Tollet,+43 7248 / 62401 - 2,,gemeinde@tollet.ooe.gv.at
Tragwein,Markt 33,4284 Tragwein,+43 7263 / 86055,+437263 / 86055 - 19,gemeinde@tragwein.ooe.gv.at
Traun,Hauptplatz 1,4050 Traun,+43 7229 / 688 - 0,+437229 / 688 - 170,buergerservice@traun.at
Traunkirchen,Ortsplatz 1,4801 Traunkirchen,+43 7617 / 2255,+437617 / 2255 - 85,gemeindeamt@traunkirchen.ooe.gv.at
Treubach,Untertreubach 44,5272 Treubach,+43 7724 / 8055,+437724 / 8055 - 4,gemeinde@treubach.ooe.gv.at
Tumeltsham,Kirchenplatz 4,4911 Tumeltsham,+43 7752 / 82 2 55,+437752 / 81 3 34,gemeinde@tumeltsham.ooe.gv.at
Überackern,Dorfstraße 3,5123 Überackern,+43 7727 / 2912,+437727 / 2912 - 14,gemeinde@ueberackern.ooe.gv.at
Ulrichsberg,Markt 20,4161 Ulrichsberg,+43 7288 / 7031,+437288 / 7031 - 33,gemeinde@ulrichsberg.ooe.gv.at
Ungenach,Ungenach 33,4841 Ungenach,+43 7672 / 8012,,gemeinde@ungenach.ooe.gv.at
Unterach am Attersee,Hauptstraße 9,4866 Unterach am Attersee,+43 7665 / 8255,+437665 / 8255 - 19,gemeinde@unterach-attersee.ooe.gv.at
Unterweißenbach,Markt 21,4273 Unterweißenbach,+43 7956 / 7255 - 0,+43 07956 7255 31,marktgemeinde@unterweissenbach.ooe.gv.at
Unterweitersdorf,Gusentalstraße 1a,4213 Unterweitersdorf,+43 7235 / 63 0 14,+437235 / 63 0 14 - 13,gemeinde@unterweitersdorf.ooe.gv.at
Utzenaich,Hofmark 3,4972 Utzenaich,+43 7751 / 8272 - 0,+437751 / 8272 - 18,gemeinde@utzenaich.ooe.gv.at
Vichtenstein,Vichtenstein 70,4091 Vichtenstein,+43 7714 / 8055,+437714 / 8055 - 31,gemeinde@vichtenstein.ooe.gv.at
Vöcklabruck,Klosterstraße 9,4840 Vöcklabruck,+43 7672 / 760 - 0,+437672 / 760 - 81,stadtamt@voecklabruck.at
Vöcklamarkt,Dr.-Scheiber-Straße 1,4870 Vöcklamarkt,+43 7682 / 2655 - 0,+437682 / 2655 - 33,gemeinde@voecklamarkt.ooe.gv.at
Vorchdorf,Schloßplatz 7,4655 Vorchdorf,+43 7614 / 6555,+437614 / 6555 - 22,gemeinde@vorchdorf.ooe.gv.at
Vorderstoder,Dorf 182,4574 Vorderstoder,+43 7564 / 8255,+437564 / 8255 - 20,gemeinde@vorderstoder.ooe.gv.at
Vorderweißenbach,Hauptstraße 4a,4191 Vorderweißenbach,+43 7219 / 6055,+437219 / 6055 - 20,gemeinde@vorderweissenbach.at
Waizenkirchen,Marktplatz 3,4730 Waizenkirchen,+43 7277 / 2255,+437277 / 2255 - 30,gemeinde@waizenkirchen.ooe.gv.at
Waldburg,Waldburg 8a,4240 Waldburg,+43 7942 / 8300,+437942 / 8300 - 4,gemeinde@waldburg.ooe.gv.at
Waldhausen im Strudengau,Markt 14,4391 Waldhausen im Strudengau,+43 7260 / 4505,+437260 / 4505 - 8,gemeinde@waldhausen.ooe.gv.at
Walding,Hauptstraße 19,4111 Walding,+43 7234 / 82 3 02,,office@walding.at
Waldkirchen am Wesen,Waldkirchen 61,4085 Waldkirchen,+43 7718 / 7255 - 0,+437718 / 7255 - 14,gemeinde@waldkirchen.ooe.gv.at
Waldneukirchen,Dorfplatz 1,4595 Waldneukirchen,+43 7258 / 3812,+437258 / 3812 - 40,gemeinde@waldneukirchen.ooe.gv.at
Waldzell,Hofmark 1,4924 Waldzell,+43 7754 / 2255,,gemeinde@waldzell.ooe.gv.at
Wallern an der Trattnach,Marktplatz 1,4702 Wallern an der Trattnach,+43 7249 / 48 1 26 - 0,,gemeinde@wallern.ooe.gv.at
Wartberg an der Krems,Hauptstraße 21,4552 Wartberg an der Krems,+43 7587 / 7055 - 0,+437587 / 7055 - 32,marktgemeindeamt@wartberg-krems.ooe.gv.at
Wartberg ob der Aist,Hauptstraße 5,4224 Wartberg ob der Aist,+43 7236 / 3700,+437236 / 3700 - 37,marktgemeindeamt@wartberg-aist.ooe.gv.at
Weibern,Hauptstraße 5,4675 Weibern,+43 7732 / 2555,+437732 / 2555 - 19,gemeinde@weibern.ooe.gv.at
Weilbach,Weilbach 34,4984 Weilbach,+43 7757 / 6355,,gemeinde@weilbach.ooe.gv.at
Weißenkirchen im Attergau,Weißenkirchen im Attergau 13,4890 Weißenkirchen im Attergau,+43 7684 / 6355,,gemeinde@weissenkirchen.ooe.gv.at
Weißkirchen an der Traun,Gemeindeplatz 1,4616 Weißkirchen an der Traun,+43 7243 / 56 1 55 - 0,+437243 / 56 1 55 - 31,gemeinde@weisskirchen.ooe.gv.at
Weitersfelden,Weitersfelden 11,4272 Weitersfelden,+43 7952 / 6255 - 0,+437952 / 6255 - 9,gemeinde@weitersfelden.ooe.gv.at
Wels,Stadtplatz 1,4600 Wels,+43 7242 / 235 - 0,+437242 / 235 - 4740,post.magistrat@wels.gv.at
Wendling,Hauptstraße 15,4741 Wendling,+43 7736 / 6191 - 0,+437736 / 6191 - 3,gemeinde@wendling.ooe.gv.at
Weng im Innkreis,Hauptstraße 30,4952 Weng im Innkreis,+43 7723 / 5055,+437723 / 5055 - 4,gemeinde@weng-innkreis.ooe.gv.at
Wernstein am Inn,Innstraße 1,4783 Wernstein am Inn,+43 7713 / 7000 - 0,+437713 / 7000 - 20,gemeinde@wernstein-inn.ooe.gv.at
Weyer,Marktplatz 8,3335 Weyer,+43 7355 / 6255,+437355 / 6255 - 90,gemeinde@weyer.ooe.gv.at
Weyregg am Attersee,Weyregger Straße 69,4852 Weyregg am Attersee,+43 7664 / 2255 - 0,+437664 / 2254 - 14,gemeinde@weyregg.ooe.gv.at
Wilhering,Linzer Straße 10,4073 Wilhering,+43 7226 / 2255,+437226 / 3095,gemeinde@wilhering.at
Windhaag bei Freistadt,Markt 1,4263 Windhaag bei Freistadt,+43 7943 / 6111,+437943 / 6111 - 4,gemeinde@windhaag-freistadt.ooe.gv.at
Windhaag bei Perg,Eva-Magdalena-Straße 7,4322 Windhaag bei Perg,+43 7264 / 4255,+437264 / 4255 - 22,gemeinde@windhaag-perg.at
Windischgarsten,Hauptstraße 5,4580 Windischgarsten,+43 7562 / 5255 - 0,+437562 / 5255 - 25,gemeinde@windischgarsten.ooe.gv.at
Wippenham,Wippenham 37,4942 Wippenham,+43 7757 / 6614,+437757 / 6614-19,gemeinde@wippenham.ooe.gv.at
Wolfern,Kirchenplatz 5,4493 Wolfern,+43 7253 / 8255,+437253 / 8255 - 18,gemeinde@wolfern.ooe.gv.at
Wolfsegg am Hausruck,Schulstraße 22,4902 Wolfsegg am Hausruck,+43 7676 / 7355,+437676 / 7355 - 17,gemeinde@wolfsegg.ooe.gv.at
Zell am Moos,Kirchenplatz 1,4893 Zell am Moos,+43 6234 / 8215,+436234 / 8215 - 4,gemeinde@zell-moos.ooe.gv.at
Zell am Pettenfirst,Zell am Pettenfirst 32,4842 Zell am Pettenfirst,+43 7675 / 2355,+437675 / 2355 - 15,gemeinde@zell-pettenfirst.ooe.gv.at
Zell an der Pram,Hofmark 1,4755 Zell an der Pram,+43 7764 / 83 55,+437764 / 8355 - 40,gemeinde@zell-pram.ooe.gv.at
Zwettl an der Rodl,Marktplatz 2,4180 Zwettl an der Rodl,+43 7212 / 6555,+43 07212 6555-37,gemeinde@hellmonsoedt-zwettl.at